日期,开盘价,最高价,最低价,收盘价,成交量,成交额,收盘价_MA5,收盘价_MA20,收盘价_MA50,涨跌幅(%),当前PB,当前PE,当前ROE(%)
2024-10-29,18.868202419456715,19.274739864501978,18.893553344003983,19.03628288449123,70956240.42059797,857876495.4666693,,,,,1.23,4.18,1713
2024-10-30,19.253428681126906,19.319782692081784,19.12171459886979,19.27727460882954,94014470.50041604,1329784013.3034232,,,,1.2659599870447735,1.23,4.18,1713
2024-10-31,18.85910022593009,19.244836115176106,18.98782842481052,19.002282792154244,78357866.83487682,613677789.4859133,,,,-1.426507752031203,1.23,4.18,1713
2024-11-01,19.232084939511832,19.42835965097049,19.394950009781347,19.420017619183195,38560320.44994774,1830451084.5019248,,,,2.1983402288983322,1.23,4.18,1713
2024-11-04,20.01560492936101,20.428217099182014,20.150226883093012,20.19344299181256,53787377.93750624,1236492632.9482958,19.385860179294152,,,3.9826193147495914,1.23,4.18,1713
2024-11-05,20.287964878715798,20.534912794405535,20.15387775028821,20.41745914701608,86458262.10200132,1549966535.1171012,19.662095431799123,,,1.1093509675113244,1.23,4.18,1713
2024-11-06,20.039677667360184,20.469753016469266,19.91501921547791,20.17609226417792,96662966.54414047,941270122.5424278,19.8418589628688,,,-1.1821592544899562,1.23,4.18,1713
2024-11-07,19.599962515741257,19.746396988103328,19.61799463683621,19.69988368800168,62047513.56913455,1774848326.894409,19.981379142038286,,,-2.360261689632215,1.23,4.18,1713
2024-11-08,19.95204636387184,20.345674340574853,19.963808654042797,20.11826445863864,70865193.56447029,1337509928.3774617,20.121028509929378,,,2.1237727961398,1.23,4.18,1713
2024-11-11,19.808106491237087,20.235015724586937,19.95170033229236,20.000973088469003,51089857.14158169,617586526.5588976,20.082534529260663,,,-0.583009386375144,1.23,4.18,1713
2024-11-12,19.803217640959517,19.91572948800075,19.654213209356712,19.80656609774116,58428257.23823324,810446639.6201457,19.960355919405682,,,-0.971987662139906,1.23,4.18,1713
2024-11-13,20.33394985096559,20.554348050418024,20.33865410225498,20.35039617239095,34909700.51713155,1928301105.8904254,19.995216701048285,,,2.745706004595161,1.23,4.18,1713
2024-11-14,20.83218657945021,21.132223867841727,20.774456741281405,20.878893825993675,41539281.6213015,1889872987.9998672,20.23101872864669,,,2.596989508831915,1.23,4.18,1713
2024-11-15,20.833201693852764,21.11955764872444,20.78326860281162,20.89417486253347,61474361.54249592,1845765131.0305512,20.386200809425652,,,0.07318891827865492,1.23,4.18,1713
2024-11-18,20.299853049354812,20.61272204205201,20.456738338082552,20.498798288858357,94950474.87394494,851683305.7889383,20.48576584950352,,,-1.8922813476787925,1.23,4.18,1713
2024-11-19,20.32846947582019,20.378136531814263,20.332664402707376,20.353225867509778,66598684.78131203,1349263405.8688276,20.595097803457246,,,-0.7101510015233514,1.23,4.18,1713
2024-11-20,20.661424120831434,20.870562982024243,20.447206253884733,20.665500251201003,63933387.83905841,673168221.9156516,20.658118619219255,,,1.5342746438524735,1.23,4.18,1713
2024-11-21,20.996443436067405,21.104269418978603,20.90599599086697,20.999975041524195,46462854.49654032,2006179991.5022573,20.68233486232536,,,1.618517753054416,1.23,4.18,1713
2024-11-22,20.71363416973525,20.996055403439286,20.635506572840406,20.73365423784541,39682091.11398938,1645056405.0084887,20.65023073738775,,,-1.268195810481565,1.23,4.18,1713
2024-11-25,20.717916410943452,20.947867101148127,20.754232971368232,20.894596187227368,89011321.45040008,976923231.4948964,20.72939031706155,20.170887718779973,,0.7762353299409552,1.23,4.18,1713
2024-11-26,20.89074882817766,21.082274391854778,20.846952902270836,21.065352257740635,53560205.36966519,1041042300.3184177,20.871815595107723,20.272341187442443,,0.8172259898358236,1.23,4.18,1713
2024-11-27,21.734021787986713,22.094301623300627,21.787829463365785,21.81894118527618,38319442.67191716,1660525675.4572036,21.102503781922756,20.399424516264776,,3.5773858339284814,1.23,4.18,1713
2024-11-28,22.45843401965853,22.69309440347787,22.376551629514164,22.554684786377848,35166940.112559736,929937748.0803485,21.41344573089349,20.577044615975957,,3.3720408101111765,1.23,4.18,1713
2024-11-29,22.490582071379844,22.56709962811492,22.35488097551939,22.532196935460888,61942304.21424006,2168880460.3747754,21.773154270416583,20.73265358178984,,-0.09970368076499536,1.23,4.18,1713
2024-12-02,22.290410993922574,22.370861786962358,22.079810202720545,22.362415716589794,77535546.76886362,718267884.0447433,22.06671817628907,20.841102218028702,,-0.7535049483075262,1.23,4.18,1713
2024-12-03,21.84341497502838,22.10235843481731,21.851529103156487,21.903255885804402,99450017.8398994,1163826903.119405,22.234298901901823,20.91539205496812,,-2.0532657857923575,1.23,4.18,1713
2024-12-04,22.16209459532388,22.349156874952953,22.001719672759286,22.187437368152693,31296766.83896701,1895033273.8698645,22.307998138477124,21.015959310166856,,1.2974394484085439,1.23,4.18,1713
2024-12-05,21.883000621488335,22.160803500700652,21.83000940045483,21.959437687998754,66427781.90884578,1894662903.1406796,22.188948718801306,21.128937010166712,,-1.0276070930174352,1.23,4.18,1713
2024-12-06,22.282703292791908,22.71520638286115,22.194348725040633,22.459249479724228,66468268.08424581,1477515909.6179345,22.174359227653973,21.24598626122099,,2.276068261978459,1.23,4.18,1713
2024-12-09,22.237684523918208,22.500372598247157,22.18863423178218,22.39860898612757,75862751.44825676,2080507396.9987385,22.18159788156153,21.365868056103917,,-0.2700023153106801,1.23,4.18,1713
2024-12-10,22.9531124636686,23.22043850359068,23.076123668329387,23.08446174568424,36924802.11325853,1093951258.9293149,22.4178390535375,21.52976283850107,,3.062032825259142,1.23,4.18,1713
2024-12-11,23.55570801780962,23.89590831843575,23.533344360133988,23.741156605231694,52973479.44405067,2353638338.0882974,22.728582900953295,21.699300860143108,,2.844748414678655,1.23,4.18,1713
2024-12-12,24.157067431033582,24.28371058904328,24.208093212832537,24.23463928983473,31293527.996661052,989871922.0772187,23.18362322132049,21.867088133335162,,2.078595802254579,1.23,4.18,1713
2024-12-13,24.381107984418076,24.688096390682063,24.326102602038123,24.465128539222817,69033686.61098245,1972013293.3643725,23.58479903322021,22.045635817169632,,0.9510735713106566,1.23,4.18,1713
2024-12-16,24.10569647387401,24.313527405765356,24.133798642101183,24.149466606050872,75890379.79266173,2191030187.5971866,23.93497055720487,22.228169233029256,,-1.29025250231517,1.23,4.18,1713
2024-12-17,24.346132917677842,24.72305498989222,24.191465081026678,24.44584763415186,57907958.81985384,2428596945.14946,24.207247734898395,22.43280032136136,,1.2272777404811475,1.23,4.18,1713
2024-12-18,24.575014972578334,24.914504178049093,24.62283499533638,24.73052962401468,48127722.11685844,1242497794.760624,24.40512233865499,22.636051790002046,,1.1645412919333742,1.23,4.18,1713
2024-12-19,24.382743270266634,24.631059118958003,24.143849334289495,24.42287518991086,66995584.639893025,1395415463.1229246,24.442769518670218,22.807196797421376,,-1.2440268719723147,1.23,4.18,1713
2024-12-20,24.869648874640745,25.14254028135458,24.83226474650609,25.035846382191792,92434450.7606725,755017522.4790013,24.556913087264014,23.022306404638698,,2.5098240379746617,1.23,4.18,1713
2024-12-23,25.435524321061504,25.7724353423558,25.25387683211096,25.479387274492552,64202279.62161227,1767954302.794549,24.82289722095235,23.25154595900195,,1.7716233177411445,1.23,4.18,1713
2024-12-24,26.039219649769713,26.28896505777368,26.036227028522767,26.074496502949,37182691.90687995,1745052571.4228592,25.14862699471178,23.502003171262373,,2.335649684371388,1.23,4.18,1713
2024-12-25,26.032631074441515,26.367568407123425,25.99696890842554,26.11898107372912,31319693.03231047,1621160787.1092787,25.426317284654665,23.717005165685016,,0.17060567507061197,1.23,4.18,1713
2024-12-26,25.83557682223106,26.032602915210948,25.76816983178876,25.92428944474818,53217228.39266366,1764628416.6702526,25.726600135622128,23.885485398603535,,-0.745402848722776,1.23,4.18,1713
2024-12-27,26.4489416764304,26.8598500155041,26.364416558853506,26.59583020857403,60011535.95686057,2131541322.7175386,26.038596900898575,24.088667062259194,,2.5903921696950993,1.23,4.18,1713
2024-12-30,26.394036594845225,26.443465247937006,26.1250544163173,26.404966969319855,45478943.20873657,1124271494.7225292,26.22371283986404,24.290794624895696,,-0.7176434717674041,1.23,4.18,1713
2024-12-31,26.253109799445742,26.509027672044024,26.250458375105552,26.356470500794988,63453091.78399747,1668137188.0082855,26.280107639433233,24.513455355645224,,-0.18366418932170836,1.23,4.18,1713
2025-01-01,26.96420643529486,27.158531821469893,26.975945372426597,27.086729930079766,64105514.10279444,1226969109.2411504,26.47365741070336,24.758419983741582,,2.7707026601409,1.23,4.18,1713
2025-01-02,26.67363584593005,26.96448447594716,26.591776385280927,26.85699520752476,35707144.110368796,1353385705.4285932,26.660198563258678,25.00329785971788,,-0.8481449150489206,1.23,4.18,1713
2025-01-03,26.32699997850694,26.563294785791985,26.216534110516495,26.42021021433253,89121460.63858119,2382671421.692013,26.62507456441038,25.201345896448295,,-1.6263360432437812,1.23,4.18,1713
2025-01-06,26.72034930017145,26.967515373203867,26.475415703641875,26.75483429832436,95428828.09455591,2291557511.1041803,26.695048030211286,25.419157162058134,22.660849558120304,1.266545880131953,1.23,4.18,1713
2025-01-07,27.0553665629585,27.21763882570046,26.864209218429377,27.15685632301279,30726825.73686684,1162899053.692007,26.85512519465484,25.622776890924563,22.823261026890737,1.5026145189529494,1.23,4.18,1713
2025-01-08,27.813061762736986,27.987207139949778,27.775604532244007,27.843784503657165,55249525.049107805,2064828420.8508227,27.00653610937032,25.827908285845837,22.994591224787285,2.529483429428736,1.23,4.18,1713
2025-01-09,27.31907710277335,27.64938819822355,27.427245867923716,27.51352012678942,69005131.86628935,880411295.5392652,27.13784109322325,25.99185232769357,23.164815971479992,-1.186133216999885,1.23,4.18,1713
2025-01-10,27.924823789121724,28.121508391610273,27.825505526059356,28.02666042783341,59409104.076408036,2419278276.416356,27.45913113592343,26.169928922124097,23.336948827652996,1.8650477971531965,1.23,4.18,1713
2025-01-13,27.840805957515098,28.289598250530748,27.766546815376188,27.99386178337833,36907974.89169094,920207200.5274295,27.706936632934223,26.36214868099047,23.492957203484313,-0.11702658809291666,1.23,4.18,1713
2025-01-14,27.970327449168842,28.024544708733657,27.859217771400438,27.978236065305744,39479150.16507203,1521644835.0947316,27.871212581392815,26.53876810254817,23.644172741850102,-0.05581837259003297,1.23,4.18,1713
2025-01-15,27.367210675496477,27.709587709414915,27.47373468233802,27.536236559228037,69819435.17536458,1729328266.3955853,27.80970299250699,26.67905344930883,23.791375627751105,-1.5797976149962034,1.23,4.18,1713
2025-01-16,27.93711773990839,28.164427833427197,27.841774026621668,28.012201706811172,91666073.40593266,2339462709.3234754,27.909439308511338,26.858519775153848,23.957621988127293,1.728504716174184,1.23,4.18,1713
2025-01-17,28.30778818085007,28.35237491446149,28.34546897554399,28.346256727061505,97418646.17257725,2392720857.1299543,27.973358568356957,27.024040292397338,24.122181833495755,1.1925339669716317,1.23,4.18,1713
2025-01-20,27.92341952354363,28.14382640184789,27.897542741271554,27.93872853988617,59450756.849080876,2353034034.7151804,27.962331919658528,27.147007355667018,24.2809369425241,-1.4376790244275073,1.23,4.18,1713
2025-01-21,27.923665393507648,28.324633076039895,28.056532509536893,28.05854031707628,31541787.044490542,2129629954.7136614,27.978392770012636,27.246209546373375,24.445976426910796,0.42883761520879915,1.23,4.18,1713
2025-01-22,28.71915299018302,28.778297746887393,28.490287019839343,28.75385335027326,43162456.53683955,2508860471.567485,28.221916128221675,27.377953160200587,24.61404557046844,2.4780798478451826,1.23,4.18,1713
2025-01-23,28.192116710375796,28.403786197620008,28.233034973261784,28.373802990250645,30924883.896470986,1133494950.8544912,28.294236384909574,27.50042883747571,24.763943753753583,-1.321737143863544,1.23,4.18,1713
2025-01-24,28.662315013132023,28.840170737084044,28.577509644331425,28.723694326455117,57890175.87972401,1367330693.2764618,28.369723904788295,27.606822043369768,24.920534143032015,1.2331492409554556,1.23,4.18,1713
2025-01-27,29.220425931775644,29.293273182357357,29.230676777810984,29.26527847700264,72709053.92852858,1988444628.1393082,28.635033892211588,27.749837618753908,25.095863746794905,1.8854961495976985,1.23,4.18,1713
2025-01-28,29.22500109954595,29.505326228626288,29.19225995298778,29.3425892625685,98227130.51506256,2562622021.029405,28.89184368131003,27.89914355684258,25.275651014696077,0.2641723899077686,1.23,4.18,1713
2025-01-29,29.935053415154066,30.134256927397534,29.94970579714877,30.107776555881657,48821957.026996434,1437602821.678343,29.162628322431708,28.050195888132674,25.464496540789693,2.607770181649527,1.23,4.18,1713
2025-01-30,29.835048219995404,29.982264664963893,29.851460926872186,29.981591015459763,98555133.36026882,2611943801.6713815,29.484185927473533,28.206425678529428,25.644128860268403,-0.4191127836613462,1.23,4.18,1713
2025-01-31,29.339632472274847,29.711537749496095,29.36646387583563,29.51500980298712,89232634.0756224,2417107042.0323,29.642449022779935,28.361165657962154,25.819755971571237,-1.5562256593789625,1.23,4.18,1713
2025-02-03,29.582541742039858,29.647864274175518,29.461270635505606,29.60852532873855,93370519.78053744,2062890748.2096636,29.711098393127116,28.503850209482863,25.994034554401455,0.3168405715452849,1.23,4.18,1713
2025-02-04,29.779158976765608,30.006385700242582,29.749460542068903,29.974896516672803,98989975.9914654,1418306318.3192866,29.83755984394798,28.644752219165866,26.172225439580103,1.2373841110507655,1.23,4.18,1713
2025-02-05,30.216304680427744,30.449835738321962,30.08092185653994,30.309136064406548,90093867.91546944,2539363365.5469775,29.87783174565296,28.768019797203333,26.342029337162707,1.115064892877382,1.23,4.18,1713
2025-02-06,30.742168547897514,30.888329037477277,30.573149202305007,30.83118055860479,92436291.12569115,2647665794.7233596,30.04774965428196,28.933902818794103,26.50755925260725,1.7223997843056393,1.23,4.18,1713
2025-02-07,30.684752470389956,30.988956538086864,30.742858513638303,30.873967109582335,36931001.392113015,2213445790.020853,30.319541115601005,29.076268152881546,26.67439465608968,0.13877688172276859,1.23,4.18,1713
2025-02-10,30.378812285347703,30.703334857795422,30.344848574374172,30.42732605613678,82443360.8992952,1824728680.6836512,30.48330126108065,29.197941366519473,26.83569286288062,-1.4466590958663317,1.23,4.18,1713
2025-02-11,31.082338136188824,31.274734007662598,31.110918169814596,31.1144273883821,88181288.18194366,2697597845.912961,30.711207435422512,29.35475093267329,27.01991629293217,2.258171917498286,1.23,4.18,1713
2025-02-12,31.69780178395433,31.87781163267681,31.486046530851652,31.726352993959388,72279012.46553344,2356245977.453903,30.994650821333078,29.564256754409854,27.210694605448307,1.9666940931902799,1.23,4.18,1713
2025-02-13,32.367987210756716,32.486221553901764,32.3426150194779,32.476063291900026,59442312.26371899,1963558967.1244638,31.323627367992128,29.7874498336643,27.42102711752633,2.363052248972264,1.23,4.18,1713
2025-02-14,32.328621170564844,32.425468293802936,32.34183865183066,32.395832908330604,74456402.06008896,1194612616.6539555,31.62800052774178,29.98992864272775,27.61975878609846,-0.24704467055719492,1.23,4.18,1713
2025-02-17,32.272405001378324,32.588080777956975,32.331286563285005,32.43407991585133,66457177.901422374,2113309970.2298872,32.029351299684684,30.21469621152601,27.820468204692933,0.11806150386362013,1.23,4.18,1713
2025-02-18,32.74896262490489,32.945301212376066,32.75133639948409,32.7711697632844,56088472.39422403,2713249650.5455728,32.36069977466515,30.450327683836417,28.014202365044934,1.039307568790715,1.23,4.18,1713
2025-02-19,32.19126473773363,32.535636274846595,32.11595405842396,32.36920174000908,59491304.47063574,2940643197.907466,32.48926952387509,30.631095103323208,28.18676326774048,-1.2265904030245078,1.23,4.18,1713
2025-02-20,32.84115573415511,33.15749703479426,32.95242887488628,32.98553862383669,83170021.35099761,2939929071.414959,32.591164590262416,30.861681885002515,28.361781254420524,1.9040842859766816,1.23,4.18,1713
2025-02-21,32.416009478322216,32.561559621412854,32.37703899662277,32.544472034173296,48720612.785498336,2298118931.099733,32.62089241543096,31.05272077038842,28.523368124319532,-1.3371513944133717,1.23,4.18,1713
2025-02-24,32.68185132884703,33.10568112245792,32.77072735148773,32.856974586302975,86381957.79325657,2902685962.51982,32.70547134952129,31.232305575853434,28.697518283924577,0.9602323608185692,1.23,4.18,1713
2025-02-25,32.51631727365464,32.69998406590421,32.37469983700253,32.64455745045931,89066581.61676815,1341464763.7114308,32.680148886956275,31.397403985247973,28.86149248025072,-0.6464902460381006,1.23,4.18,1713
2025-02-26,33.033492749947264,33.45148114541267,33.10938027303606,33.18489259530837,65908325.76067553,2215750770.810141,32.84328705801613,31.551259787219312,29.030579739676597,1.6552074435962627,1.23,4.18,1713
2025-02-27,33.522373189535855,33.86537915775664,33.306980510278045,33.5743454443345,50676830.25700694,1048801612.4892454,32.96104842211569,31.73089750866305,29.21360914476507,1.1735847808083344,1.23,4.18,1713
2025-02-28,33.25978340762986,33.522210922074315,33.05821603881919,33.33537021812656,31745896.43269275,1645283115.9627504,33.119228058906344,31.921915529420023,29.379599621483766,-0.7117792559921954,1.23,4.18,1713
2025-03-03,32.82799809899628,33.14394846444902,32.85436153960272,32.98265656485418,54164221.19646183,1357423796.7429507,33.144364454616586,32.090622091225804,29.529665007290998,-1.0580763044311103,1.23,4.18,1713
2025-03-04,33.01539222887576,33.16886133468169,32.99690973119542,33.12665476133804,74495030.71449023,2244236719.440653,33.240783916792324,32.248210003459064,29.67070817245878,0.43658762356122427,1.23,4.18,1713
2025-03-05,33.36577359088002,33.69298629886675,33.208791636921994,33.39312355278721,85422446.9735018,2079740855.716221,33.2824301082881,32.4024093778781,29.816191022039938,0.8043939038485881,1.23,4.18,1713
2025-03-06,33.54829065271567,33.79806544940582,33.48430733187101,33.74599517651479,58701633.909395605,1904415690.081481,33.316760054724156,32.5481501087736,29.972625136675273,1.0567194265902247,1.23,4.18,1713
2025-03-07,34.130226474909584,34.25379305393681,33.981218912425405,34.137212254097264,69253853.75428817,2492887056.9281154,33.4771284619183,32.71131236599935,30.12345277758574,1.159299275472958,1.23,4.18,1713
2025-03-10,33.698475184130714,33.87688713096699,33.5730695042882,33.76874202362579,50235540.40168381,2071350094.824779,33.63434555367262,32.878383164373794,30.270728278671854,-1.0793799673177729,1.23,4.18,1713
2025-03-11,34.061004526100135,34.390687674081875,33.82146297127778,34.11989561107663,59990674.04421371,2443554371.009375,33.83299372362033,33.02865657550852,30.425996780877487,1.039877609906692,1.23,4.18,1713
2025-03-12,34.669171353110876,34.89147012990525,34.73755811031977,34.74360572298856,61266213.19743369,1139908597.8385048,34.10309015766061,33.17951921195998,30.579134296735663,1.8279953696852758,1.23,4.18,1713
2025-03-13,34.35409265073533,34.59127132896874,34.404040732523065,34.45626628709892,34378049.58182406,3369760589.9521847,34.245144379777436,33.278529361719926,30.73111971832715,-0.8270282542940599,1.23,4.18,1713
2025-03-14,35.11145504519105,35.2645398786667,34.94545702071055,35.16002240856288,69817756.09841688,3139245812.0545487,34.44970641067056,33.41673883673154,30.905915962211758,2.0424619301466773,1.23,4.18,1713
2025-03-17,35.00693431149122,35.03435206850311,34.756092897452106,35.017264939769646,46419440.3354871,2493254167.26268,34.69941099389932,33.545898087927455,31.07116457504066,-0.40602212118746595,1.23,4.18,1713
2025-03-18,34.52720743717949,34.921682171128026,34.386873848131,34.685052460194704,89903575.1874015,2911688653.7958355,34.81244236372294,33.64159222277297,31.221728497784298,-0.9487105293527476,1.23,4.18,1713
2025-03-19,34.29606347217464,34.55481108727434,34.3729125880204,34.42350535840566,95026833.95938036,2993459970.134763,34.74842229080637,33.7443074036928,31.353322914879268,-0.7540628692696894,1.23,4.18,1713
2025-03-20,34.1228600639255,34.44132766140114,34.06913934839834,34.31008633880247,59552442.93121359,2423503665.494429,34.719186301147076,33.810534789441085,31.48925423911953,-0.3294813192971313,1.23,4.18,1713
2025-03-21,34.28537786803172,34.59105422465963,34.239309985618725,34.42642193522831,70640787.37980548,1156875788.3148353,34.57246620648016,33.90463228449384,31.61724946926743,0.3390711270063962,1.23,4.18,1713
2025-03-24,34.14411317871615,34.28638327862786,34.0694845846249,34.19073206261977,77240487.10545884,2386128973.764419,34.407159631050185,33.97132015830968,31.741186874852257,-0.6846191365805554,1.23,4.18,1713
2025-03-25,34.4079302019915,34.70820190740553,34.3445738332653,34.45005251964193,64303455.09611378,2520649929.3730483,34.36015964293963,34.06159491176881,31.87062320393898,0.7584524851565577,1.23,4.18,1713
2025-03-26,34.26120000288386,34.54274371522394,34.29071308267339,34.42394517802154,88536096.54252449,2342816355.1481056,34.3602476068628,34.12354754090447,32.008377376314854,-0.07578316928690265,1.23,4.18,1713
2025-03-27,34.14469852219679,34.42586816259064,34.05360551363679,34.244628280335,81328248.85153121,1253630089.0230432,34.34715599516931,34.157061682704494,32.13302590778533,-0.5209074577571249,1.23,4.18,1713
2025-03-28,33.689313061218165,33.97599664208769,33.53450426628005,33.81489927598466,80450962.26842937,2814352067.046286,34.224851463320576,34.181038135597404,32.24239875876379,-1.2548800379214908,1.23,4.18,1713
2025-03-31,34.342327780272484,34.66607578726922,34.420850177498984,34.52460153457782,52525024.76514003,2311417911.020892,34.29162535771219,34.25813538408358,32.374116218657626,2.0987856648657655,1.23,4.18,1713
2025-04-01,34.55038017652257,34.69695378577795,34.42489233173289,34.58284743832286,76222225.69077274,2604346043.4883285,34.31818434144837,34.33094501793282,32.504602361082554,0.16870840257694475,1.23,4.18,1713
2025-04-02,34.22529393295419,34.62383565903939,34.313025568821956,34.39239478664673,42945124.20553157,1974808161.2303278,34.311874263173415,34.380908579625796,32.617373189810024,-0.5507142001993648,1.23,4.18,1713
2025-04-03,34.17010594410668,34.279559427603694,33.96260330631852,34.20577383315855,50978016.938212916,2538962261.604729,34.30410337373813,34.40389751245799,32.73401260666819,-0.5426227357701707,1.23,4.18,1713
2025-04-04,34.08360655705113,34.4460934928011,34.07138355661354,34.282070959676766,41816482.71713258,2331578940.830579,34.39753771047655,34.41114044773696,32.84518013933261,0.2230533561098813,1.23,4.18,1713
2025-04-07,34.35358825788972,34.6292204964623,34.34914051219887,34.51014410170393,93658864.79369369,2995716742.013415,34.39464622390177,34.44821055164087,32.950077451826644,0.6652840264388615,1.23,4.18,1713
2025-04-08,34.06878540474075,34.37968653905369,33.866146580621916,34.08617634347565,35789712.48781061,1615386950.0193772,34.29531200493233,34.446524588260814,33.04494919344478,-1.2285308255416627,1.23,4.18,1713
2025-04-09,33.853533121057026,34.14618419869478,33.85231009500894,33.99668954853969,72843002.8186627,2475937704.5902014,34.21617095731092,34.40917877953838,33.12272745329794,-0.26253104494393664,1.23,4.18,1713
2025-04-10,34.055065592454284,34.436352603751054,33.977707132563545,34.254828226763124,67495161.2559683,1788522272.5562449,34.225981836031835,34.399106876521586,33.20819219752401,0.7593053372295877,1.23,4.18,1713
2025-04-11,34.34531297054622,34.72986340545766,34.38270467404427,34.4623091642797,51869956.88620658,2127510936.969848,34.26202947695242,34.36422121430742,33.30713818474987,0.6056983737973365,1.23,4.18,1713
2025-04-14,34.86328398108456,35.03040176693711,34.860502787863496,34.920739873428545,68768440.32811953,3291101923.4287257,34.344148631297344,34.35939496099037,33.413382475643665,1.3302379331678882,1.23,4.18,1713
2025-04-15,34.92696463099114,35.20511044633919,34.93462831110848,35.02676210478059,46155849.25982581,1716196808.5820942,34.53226578355833,34.37648044321967,33.51441978740582,0.3036082045693389,1.23,4.18,1713
2025-04-16,34.79472291609246,35.20393875752906,34.68757284110374,34.950824903466966,44352547.93753316,1342753884.8911972,34.723092854543786,34.40284642047273,33.60725356418703,-0.21679766198902106,1.23,4.18,1713
2025-04-17,35.23554224810148,35.495041184178405,35.335334261544226,35.394050072028904,37298157.52818579,2016103398.2655408,34.95093722359694,34.45704460713405,33.69851095445551,1.2681393637664184,1.23,4.18,1713
2025-04-18,35.29964578407156,35.36312246888965,35.07563737180813,35.31095225099091,95849663.6320186,2177371777.373472,35.12066584093918,34.50127112292218,33.78725065728368,-0.23477906842784835,1.23,4.18,1713
2025-04-21,35.22035572857081,35.42551014132606,35.00224199345281,35.242255699086144,81900482.04953596,2477502478.2606916,35.1849690060707,34.5538473047455,33.88354925014267,-0.19454743507473227,1.23,4.18,1713
2025-04-22,35.852426042523774,36.088679451703314,35.881382802267964,35.93437865679806,45261329.35807412,2946588256.7538223,35.3664923164742,34.62806361160331,33.979948275510985,1.9639008456824314,1.23,4.18,1713
2025-04-23,36.65989498784798,36.99065669418624,36.44756433077974,36.69296770590429,80421566.8618268,3279565658.952576,35.71492087696166,34.74151473799744,34.07928056974988,2.1110398383435536,1.23,4.18,1713
2025-04-24,36.52398850960619,36.57843392437647,36.51752996243935,36.56722223117292,70545972.52124576,1405221981.5063179,35.949555308790465,34.85764443553934,34.161103748535346,-0.342696387327468,1.23,4.18,1713
2025-04-25,36.91898650316261,37.26151565620123,36.917332374023914,37.0190233177059,89013274.07995223,2631768579.8638744,36.291169522133465,35.0178506376254,34.25356755672285,1.2355357037424408,1.23,4.18,1713
2025-04-28,36.536440819058775,36.618980487246546,36.44574117323393,36.61516878967668,38642221.4141891,2023468750.536497,36.56575214025157,35.12237900038035,34.33718933419936,-1.0909378255694269,1.23,4.18,1713
2025-04-29,36.87181324696327,37.186056948587854,36.79284813622683,36.91686937199808,96563405.83961803,2696881701.8462434,36.76225028329158,35.239080097064104,34.420103326373635,0.8239770354587783,1.23,4.18,1713
2025-04-30,37.02613331971445,37.222664045845804,36.75609513298087,37.0512667619367,72572327.6631752,3190312501.657535,36.83391009449806,35.3720236958286,34.51374462681218,0.36405413629294614,1.23,4.18,1713
2025-05-01,36.617845557916304,36.8691588111541,36.66372546532106,36.812710065867215,76110653.01350406,3419038231.71977,36.88300766143691,35.502370507464036,34.59028805565279,-0.6438557083682794,1.23,4.18,1713
2025-05-02,36.42190976890301,36.56460487179572,36.26212417223175,36.49480017625965,71749081.58048072,1586412641.1647823,36.77816303314766,35.613006968293185,34.669294618494526,-0.8635873018822626,1.23,4.18,1713
2025-05-05,36.2910820260742,36.755244459625416,36.35202814550244,36.47582373224951,52529334.25284443,3117522682.9164944,36.750294021662235,35.71129094982046,34.74167160141345,-0.051997665197489606,1.23,4.18,1713
2025-05-06,36.69278952306678,36.921913100731395,36.67928357992172,36.80772224455915,59071917.82216421,2988088598.969284,36.72846459617445,35.84736824487464,34.82493489729545,0.9099136862430912,1.23,4.18,1713
2025-05-07,37.05008707277773,37.245162870838406,36.81452292079732,37.10113466498276,88800263.75618982,2181345425.25894,36.73843817678365,36.00259050069679,34.90325973868894,0.7971490832116901,1.23,4.18,1713
2025-05-08,36.71822996593107,37.01404108327085,36.53902331131403,36.831010897987184,57102921.48251512,1474909483.885175,36.74209834320765,36.13139963425799,34.96839304776199,-0.7280741396044843,1.23,4.18,1713
2025-05-09,37.35844208018482,37.7386003722111,37.389294222517144,37.50408386615469,96116402.74112529,3700065953.988878,36.943955081186665,36.283488369351744,35.051767320722554,1.8274626510571546,1.23,4.18,1713
2025-05-12,38.085709957209204,38.34958033294605,38.03563240143529,38.24306304964793,33933195.09142155,3354409669.4436736,37.29740294466634,36.44960452816271,35.15697545041843,1.9703965736918905,1.23,4.18,1713
2025-05-13,38.40704469909058,38.532070195219866,38.40142544828724,38.4330384399654,59574441.53077386,3535676472.8608813,37.62246618374759,36.61991834492195,35.26310312399097,0.4967577781906263,1.23,4.18,1713
2025-05-14,39.08239352591988,39.35963486273156,38.88411595916983,39.156223433630856,81303304.56695259,2706921858.377002,38.033483937477214,36.830188271430146,35.37836512160785,1.8816753059873514,1.23,4.18,1713
2025-05-15,38.896250370706994,39.328363506755515,38.80983591373949,39.0826907897615,36460076.17096369,3686940805.043232,38.48381991583208,37.014620307316775,35.48509903387278,-0.18779299284057416,1.23,4.18,1713
2025-05-16,38.6464690537696,38.84788717473998,38.60750547572156,38.687122190516035,37894472.95237165,2603241810.246326,38.72042758070434,37.18342880429303,35.57609723260116,-1.0121324587740288,1.23,4.18,1713
2025-05-19,38.906801484305035,39.05438250423305,38.87053408200613,38.95148225492447,50337813.55222295,2310572725.4616747,38.86211142175965,37.36889013208495,35.67975203722713,0.6833283259131795,1.23,4.18,1713
2025-05-20,39.18446002522359,39.37766116174205,39.17026901361165,39.260790566646534,85638235.54904449,2138681833.3765466,39.02766184709587,37.53521072757737,35.782569936338525,0.7940861138421962,1.23,4.18,1713
2025-05-21,39.220898829700694,39.527158764575425,39.18717271587341,39.28983642075204,89387797.2224419,1295592307.967677,39.054384444520124,37.665054163319766,35.8734945502938,0.07398183706004424,1.23,4.18,1713
2025-05-22,39.06327159665782,39.29160408524448,39.080375485605906,39.10000419122605,45867219.98437378,3446265219.6426525,39.05784712481303,37.791693261322415,35.96636930837634,-0.48315861510109803,1.23,4.18,1713
2025-05-23,38.800204436535395,38.92087920055351,38.59019779692788,38.816551132836985,91568875.84597738,2751723620.160402,39.08373291327722,37.881569652078966,36.03949988286182,-0.7249438056394664,1.23,4.18,1713
2025-05-26,39.297760219819,39.45725710003693,39.302761959972024,39.413089696934925,33286397.151967295,1849723668.9786637,39.17605440167931,38.02146569744188,36.12741637800513,1.5368149582802415,1.23,4.18,1713
2025-05-27,39.90176006523396,40.17460847377901,39.8239808569778,39.922109649247396,72336645.48810187,1596225937.6378295,39.308318218199474,38.17172771130434,36.232157521786185,1.2914997434267494,1.23,4.18,1713
2025-05-28,40.00210984854021,40.232824887360806,39.91593537072692,40.07730884519213,69981557.52275375,2983718786.7832065,39.4658127030875,38.32302981546712,36.34523359152192,0.38875499643755695,1.23,4.18,1713
2025-05-29,40.2068042431341,40.549300621684345,40.145976824005096,40.30702488886645,71254082.38796479,3471648103.6394844,39.70721684261558,38.49774555661708,36.46517236252319,0.5731823076286169,1.23,4.18,1713
2025-05-30,41.07589118873987,41.23147999501515,41.010917759283736,41.076056089370326,88486023.62117633,3104253556.5095215,40.159117833922245,38.72680835227261,36.59816504560603,1.9079334250648117,1.23,4.18,1713
2025-06-02,41.59237788095574,41.758265282894,41.570178396679395,41.63713954698177,71587492.5528853,2100799515.8262417,40.60392780393161,38.98487414300923,36.747093195293274,1.3659623416393263,1.23,4.18,1713
2025-06-03,42.28232706891843,42.53398985369952,42.09903472874158,42.29544637305867,51880047.23637228,4147358570.5243826,41.07859514869387,39.2592603494342,36.90400107236161,1.5810567998651548,1.23,4.18,1713
2025-06-04,42.34389095918387,42.52212999172849,42.24822936606916,42.45658674425776,72169122.08479694,1422847498.9718199,41.55445072850699,39.52703295339795,37.06465390368633,0.38098751761073135,1.23,4.18,1713
2025-06-05,42.48030138820828,42.612944432676954,42.327672806773414,42.612218356218044,30247734.226461716,2496491715.0342026,42.01548942197731,39.8160933263095,37.23200570520399,0.36656647152948363,1.23,4.18,1713
2025-06-06,42.2887262319227,42.65256421214082,42.29260162087043,42.377654456434385,30235724.117078133,3778271054.5976505,42.27580909539012,40.059771855823485,37.40326080881299,-0.5504616019349595,1.23,4.18,1713
2025-06-09,41.95237087209412,42.175037908450705,41.868882436385775,42.02229178302839,75786473.5247383,2907681754.476215,42.352839542599455,40.2487332924925,37.553214613781996,-0.8385614493395699,1.23,4.18,1713
2025-06-10,42.38743357195666,42.74037982017169,42.22343186757559,42.49541449030865,40158645.09403049,3598971316.598598,42.39283316604944,40.45185209500967,37.71146595482171,1.1258850652960728,1.23,4.18,1713
2025-06-11,43.10530427823298,43.13977023066568,42.83392980254366,43.118581982315035,89572495.33435518,2969467941.9516077,42.5252322136609,40.649970022443874,37.88598969873508,1.4664346717891297,1.23,4.18,1713
2025-06-12,43.51130683625715,43.933838950011086,43.65071175486852,43.68009106785008,92449904.20796254,1407826241.633728,42.73880675598731,40.879840036348305,38.075476043428914,1.3022438580316598,1.23,4.18,1713
2025-06-13,43.319335788179345,43.55695760119901,43.26938302573768,43.487471235157535,95013094.55142552,2459585876.180723,42.96077011173194,41.11985748858038,38.25958404893853,-0.44097855105965644,1.23,4.18,1713
2025-06-16,43.97932448006598,44.16497595221095,44.0608364071074,44.15836151850908,66610158.43763584,4077485491.7666845,43.387984058828074,41.38020145175961,38.452548397274626,1.5427208441799678,1.23,4.18,1713
2025-06-17,44.141650524023916,44.47339514566802,44.272917397214556,44.33267812318504,46673032.37520995,1657405778.7455041,43.755436785403354,41.63379582958654,38.65747843286882,0.3947533347741894,1.23,4.18,1713
2025-06-18,44.427812939474464,44.53851011417269,44.15424000756928,44.44408266299787,92274710.0072141,1776388143.1102676,44.020536921539914,41.89150814169883,38.86642629515798,0.2512921495590126,1.23,4.18,1713
2025-06-19,45.09415031214598,45.44088786051437,45.02394707796123,45.14094996891766,76318150.39647308,1436357682.8544466,44.31270870175344,42.19355543058341,39.08414873000107,1.567964201677552,1.23,4.18,1713
2025-06-20,45.27353417398231,45.687238010903584,45.2194898941871,45.45009301876583,41268694.20790263,2862179151.47287,44.705233058475095,42.525232524879854,39.3039044070908,0.6848394862337459,1.23,4.18,1713
2025-06-23,45.57938643175223,45.892400401225295,45.455656785565,45.662757068248254,33155279.301257245,4502120768.506303,45.00611216842293,42.83771589344552,39.51874475098719,0.46790674200516413,1.23,4.18,1713
2025-06-24,45.93695530090697,46.202055294583175,45.980225425183725,46.119622552626296,75929370.20928189,2644348445.901624,45.363501054311186,43.14759153861446,39.7406019599441,1.0005210235010553,1.23,4.18,1713
2025-06-25,45.759202569994784,46.20984476557149,45.75756273649765,45.953145307967425,92189232.52657251,3485413046.5221353,45.66531358330509,43.441383361753225,39.96064836803411,-0.36096835889952716,1.23,4.18,1713
2025-06-26,46.42961966866505,46.86637476243794,46.54680666824796,46.57750470414163,92260540.83400768,3772430113.2672415,45.95262453034989,43.75490735251699,40.18431746067637,1.3586869668874568,1.23,4.18,1713
2025-06-27,46.96550390556573,47.36147408076259,46.802546894315576,47.06600598155759,54409655.24227977,2484261191.28115,46.27580712290824,44.05440484712635,40.4194185352877,1.0487922882921552,1.23,4.18,1713
2025-06-30,47.330595732026225,47.71388043662566,47.42003008997832,47.487168206874685,67095544.82634504,4724193187.132209,46.64068935063353,44.346906280121,40.66431678544347,0.89483315300245,1.23,4.18,1713
2025-07-01,47.6477993420783,47.971482821540604,47.62647027245977,47.847110517531824,32148399.7413111,1538842595.4447558,46.98618694361463,44.624489487344654,40.90257142265814,0.7579780480677867,1.23,4.18,1713
2025-07-02,47.78622519068315,48.01612507726207,47.836709567148006,47.949757144650036,65654359.851660855,4678895155.689256,47.38550931095115,44.89914800736427,41.12770721143306,0.21453046173101065,1.23,4.18,1713
2025-07-03,47.550059435151645,47.657300325142806,47.32996118912346,47.558439992385495,40761061.976211876,2659662027.115907,47.58169636859993,45.14645908917264,41.34753156665731,-0.8160982986505139,1.23,4.18,1713
2025-07-04,47.16859825844467,47.24807146235312,46.93047383287547,47.19697986081357,95511360.57279804,1566831196.9598897,47.60789114445112,45.3874253593916,41.55109069751947,-0.7600336168087085,1.23,4.18,1713
2025-07-07,47.588375913190234,47.78223618521589,47.59518811346371,47.75903651664029,67252502.43895763,3908198137.499551,47.662264806404245,45.67426259607219,41.773968052058734,1.1908741989090421,1.23,4.18,1713
2025-07-08,47.77775890960565,48.15201115142467,47.67380846343677,47.94045700976972,93667668.92723805,2634157902.7557383,47.68093410485183,45.94651472204525,41.99443980481417,0.3798663171653782,1.23,4.18,1713
2025-07-09,47.50726439128604,47.84212606293308,47.28155100475907,47.57053299379167,54234931.80517593,2457174305.233333,47.605089274680154,46.169112272619074,42.20482512945127,-0.771632226832264,1.23,4.18,1713
2025-07-10,47.918910883955355,48.02788005215617,47.75908988564638,47.967610248376104,64550411.89536717,3593026254.548886,47.686923325878276,46.38348823164538,42.42792313310145,0.8347126458226883,1.23,4.18,1713
2025-07-11,47.73873490587127,47.84960207871751,47.55689970142384,47.836623177441986,41632913.805077806,1761354281.2299979,47.81485198920395,46.600945828759606,42.6547595931251,-0.27307399775780006,1.23,4.18,1713
2025-07-14,47.55880366941128,47.73812612092859,47.33326929936712,47.58614084216805,37930265.55964222,2448433470.951972,47.7802728543095,46.77233479494255,42.87696593532346,-0.5236204368874731,1.23,4.18,1713
2025-07-15,48.06624071149019,48.31463211512098,48.045846274566934,48.08674856962388,54041779.08761692,3330129197.264483,47.80953116628034,46.96003831726449,43.10254646182476,1.0520032063878082,1.23,4.18,1713
2025-07-16,47.85357200439182,48.1824909245972,47.933584229954846,48.001056003222075,80248225.17631957,3192870863.985179,47.895635768166414,47.1378869842757,43.320544888589545,-0.1782041184958283,1.23,4.18,1713
2025-07-17,48.591902072835914,48.894027413707725,48.62042946953628,48.7515794181518,88612984.71366946,4065934737.532358,48.052429602121556,47.318418456737405,43.558956258992836,1.5635560494322132,1.23,4.18,1713
2025-07-18,48.3910046944203,48.781711253609295,48.329442412449154,48.56891707048313,38085140.6246448,2305498591.306434,48.19888838072979,47.47435965932328,43.78025292307941,-0.3746798562195064,1.23,4.18,1713
2025-07-21,48.08585039382128,48.37465465688139,47.85940594308629,48.146651550219694,96223148.66298589,4007454553.767138,48.31099052234011,47.59855438342184,43.97832469309085,-0.8694151439502917,1.23,4.18,1713
2025-07-22,48.314169016115265,48.69418438100841,48.15561235888438,48.4514184376549,73844140.47264405,3105464002.378456,48.38392449594632,47.71514417767328,44.178692293044634,0.6329970571625765,1.23,4.18,1713
2025-07-23,47.90904910428823,48.24603346457388,47.78893005691258,47.95430199905895,68655363.38767764,2150016540.1337533,48.374573695113696,47.81520201222786,44.35465386435319,-1.0260100831426033,1.23,4.18,1713
2025-07-24,47.66217312190023,48.06449404407021,47.54394627538387,47.82369735212234,88920082.29004483,1757059115.711881,48.1889972819078,47.87751164462689,44.52947399560041,-0.27235230519917497,1.23,4.18,1713
2025-07-25,48.03904637002999,48.349137144792806,47.905074578961525,48.192524303056366,75363206.69320162,1591693759.3066373,48.11371872842245,47.933837560701825,44.71958203785121,0.7712221583755507,1.23,4.18,1713
2025-07-28,48.70708423928379,49.18049739852355,48.869060825296565,48.888210200127446,86526148.07464214,1548160549.9318876,48.262030458404,48.003889660364464,44.918316596755275,1.443555628454507,1.23,4.18,1713
2025-07-29,48.9197391941354,49.240424881834656,48.811193495278275,49.02115033333492,89229228.7537494,4841852045.860352,48.37597683754,48.06259165115462,45.11352379208905,0.27192677470351256,1.23,4.18,1713
2025-07-30,48.80376697225301,49.06454464876899,48.84868088536945,48.854024778595836,83142294.34318542,3758899541.548698,48.55592139344738,48.107805032851914,45.304807559245916,-0.34092540383623415,1.23,4.18,1713
2025-07-31,49.021883143344624,49.313481603766554,48.813778710992004,49.03576867494824,30820699.446910154,3322057186.9844747,48.79833565801256,48.18167146698005,45.50352284892037,0.3720141731946569,1.23,4.18,1713
2025-08-01,48.5236731446107,48.922479726162194,48.611537854633305,48.66884303836946,69767445.35308099,3285897285.3639183,48.89359940507518,48.25526462585784,45.700568687031016,-0.7482816044163232,1.23,4.18,1713
2025-08-04,48.675843697851434,48.81184166972847,48.58682061165568,48.80822778946619,94814463.06624013,2479967876.044663,48.87760292294293,48.30772418949914,45.88847144888164,0.286394215261776,1.23,4.18,1713
2025-08-05,48.32968996906555,48.77786040631477,48.325176098925475,48.51964769414885,84609622.21886727,1830155841.2280626,48.777302395105714,48.336683723718096,46.060422209779674,-0.5912529677621681,1.23,4.18,1713
2025-08-06,48.67101876732712,48.97967904390418,48.67786619705428,48.69789715303151,90710691.38885829,3803733468.5843854,48.74607686999285,48.393051931680084,46.23283397593646,0.3673758309340691,1.23,4.18,1713
2025-08-07,48.585153568031544,48.757234467311186,48.6459512793014,48.6575974842681,49767843.84929309,4424390219.452267,48.67044263185682,48.427551293474686,46.39984542784448,-0.08275443318788156,1.23,4.18,1713
2025-08-08,49.106360949500704,49.211647054717396,48.98452286508568,49.14478685564751,52551312.43586237,4850465839.193022,48.76563139531244,48.492959477384964,46.56122004317003,1.001260638766488,1.23,4.18,1713
2025-08-11,49.16703669454333,49.46756121931987,48.96960525524213,49.26894299357407,41248687.62910634,4223267061.701369,48.85777443613401,48.57709958495526,46.71385611210189,0.25263338366130483,1.23,4.18,1713
2025-08-12,48.973365309854955,49.20969853635702,48.9444752439876,49.08611850811443,57420961.19694422,2809838183.349932,48.971068598927125,48.62706808187979,46.84966955480299,-0.3710745032291185,1.23,4.18,1713
2025-08-13,49.64230475938957,49.766033839459844,49.497983950714755,49.76586760229009,89457993.16006133,3420410739.16818,49.18466268877884,48.71530866183319,46.99585517196365,1.3848092186455885,1.23,4.18,1713
2025-08-14,49.218996093753915,49.46927811895207,49.36244027331169,49.40429055468121,66471985.63141811,3729699687.2938824,49.334001302861466,48.74794421865967,47.1316966159329,-0.7265563026017552,1.23,4.18,1713
2025-08-15,49.15973745429987,49.48006687488045,48.98598830561603,49.28203219766511,49025248.11929068,2075738768.1159408,49.36145037126498,48.78359997501876,47.26978417075752,-0.24746505949879705,1.23,4.18,1713
2025-08-18,48.802058687272975,48.86707633065855,48.53659229211915,48.8226749825552,53003401.28409538,4341574381.055611,49.27219676906121,48.81740114663553,47.40579183474805,-0.9320987683046011,1.23,4.18,1713
2025-08-19,48.88374344793846,49.1049133395519,48.933229794316816,49.08154044618026,33270508.75241464,2478009690.2054563,49.27128115667437,48.8489072470618,47.53751435386549,0.5302156502435817,1.23,4.18,1713
2025-08-20,49.36957984219214,49.57487644073127,49.43478922913224,49.46086897326529,72383429.09902915,3499327159.4061437,49.210281430869415,48.924235595772124,47.6643600936845,0.7728537524224199,1.23,4.18,1713
2025-08-21,49.17823448916228,49.40366371958275,49.062826366197605,49.187346800975405,42803861.238565356,4122871679.4629,49.16689268012825,48.992418068214775,47.774505208347,-0.5530072114942608,1.23,4.18,1713
2025-08-22,48.949179506353616,49.300909773058564,48.71529678082293,49.01268264243929,34416074.640584975,1789618104.5846744,49.11302276908309,49.033425985183925,47.88500943649264,-0.35509977645847846,1.23,4.18,1713
2025-08-25,48.822673044304636,48.9629511212342,48.84923624033356,48.91383335531092,41602002.84789443,4659241859.907333,49.131254443634234,49.0347071429431,47.98011887322867,-0.20168103804784066,1.23,4.18,1713
2025-08-26,48.58549238689051,48.760685591776074,48.58267969763953,48.71318993774674,69492679.25261097,3064753532.6412816,49.05758434194753,49.01930912316369,48.0677291095199,-0.4101976962359588,1.23,4.18,1713
2025-08-27,49.07105678694215,49.37208531251089,48.959185631243265,49.109514646479354,71553217.3758629,3250560241.8118997,48.987313476590344,49.03208361655786,48.16103774918954,0.8135880841289467,1.23,4.18,1713
2025-08-28,49.6633127670232,49.89495575811836,49.57684462848172,49.72630348563389,53202299.00330219,3095146525.7461677,49.09510481352204,49.06661035709214,48.25274481952386,1.2559457033826549,1.23,4.18,1713
2025-08-29,49.767306109169596,50.18782870580189,49.70864467053138,49.93595467554854,90177830.65437575,2230406261.894935,49.27975922014389,49.1299659389511,48.34246205265951,0.42161024491840227,1.23,4.18,1713
2025-09-01,49.40174130032075,49.634295359158344,49.33033334693124,49.54950195372861,37049267.470111,4007751108.8598723,49.40689293982742,49.16702964716422,48.420196950369125,-0.7738967329869784,1.23,4.18,1713
2025-09-02,50.03042552748365,50.350256674303466,50.065109477709115,50.08178300840043,64433492.37316122,3107431778.813288,49.680611553958165,49.245136412876796,48.4994401594846,1.0742409785851947,1.23,4.18,1713
2025-09-03,50.46292958763669,50.4904960939618,50.25619857325624,50.487139812832474,59756862.4458112,4841748506.165289,49.956136587228784,49.33459854586685,48.5901200495819,0.8093897223348634,1.23,4.18,1713
2025-09-04,51.175821848703364,51.33700161086924,51.050507705851494,51.229956293499654,33090804.399808165,3671511748.8231206,50.25686714880194,49.46321648632843,48.68316908136906,1.4712984007827945,1.23,4.18,1713
2025-09-05,51.26697693182204,51.650565942812705,51.257036770207726,51.37962404805279,84656255.3238073,3678361727.911808,50.54560102330279,49.57495834594869,48.76944144269896,0.29214890150535133,1.23,4.18,1713
2025-09-08,50.842695163296945,51.22063770718446,50.78482929562583,50.956177814341636,53149106.62014941,3431805376.587758,50.8269361954254,49.65932008698707,48.8388216348483,-0.8241520671991021,1.23,4.18,1713
2025-09-09,50.84959864942954,51.15646922461573,50.75485868885142,50.939406827050924,52573076.52372104,4248981351.9699593,50.9984609591555,49.751984502933894,48.90066756103869,-0.032912569211562825,1.23,4.18,1713
2025-09-10,50.94588656147426,51.21748031641556,50.82788987965233,51.02825129593383,91144226.77303672,1674141357.1467912,51.10668325577576,49.81510368761608,48.962237444064364,0.17441206016501898,1.23,4.18,1713
2025-09-11,50.84776846117125,51.14613320196277,50.87399282838827,50.892252775712954,53333059.96313663,3987100474.4588284,51.03914255221842,49.889501798667666,49.02891369973091,-0.26651612933423774,1.23,4.18,1713
2025-09-12,51.039298363996416,51.31630456196228,50.93281682784864,51.12575411087194,38856999.42115997,2181954001.1705985,50.98836856478225,49.981687894328005,49.10748918473209,0.4588150895737497,1.23,4.18,1713
2025-09-15,50.88936657329899,51.33976086983008,50.96790544422006,51.08194557569591,34172484.06587248,3793193928.9555397,51.013522117053114,50.09465142398504,49.1739473659132,-0.08568780243519702,1.23,4.18,1713
2025-09-16,51.77813513698554,51.86871977262049,51.539068560332076,51.7972838875101,90713031.43071899,3778931870.5305758,51.18509752914495,50.230438596051535,49.251083903468,1.400374053400455,1.23,4.18,1713
2025-09-17,52.06148974512852,52.30012451168249,52.091593748025915,52.13277477506724,97276273.57103269,3700153951.1789,51.40600222497163,50.36403388614163,49.34232873909352,0.6476997679757401,1.23,4.18,1713
2025-09-18,52.731410379651614,52.912882956372066,52.60910270056708,52.73946546397699,39902107.860460564,2143958511.137421,51.77544476262443,50.54163981929172,49.43776584340553,1.1637414112856792,1.23,4.18,1713
2025-09-19,53.33622205953527,53.52571616480829,53.230091125148085,53.46883460079007,76245491.24663916,3547190706.4923697,52.244060860608066,50.76444741720925,49.55041007187249,1.3829664946287012,1.23,4.18,1713
2025-09-22,53.339072026620826,53.495172589935656,53.228624383077,53.362232110942934,51578958.657008134,2809942412.787759,52.700118167657465,50.98686735499085,49.665931897247994,-0.19937313136344503,1.23,4.18,1713
2025-09-23,53.90582273362258,54.33615612964907,54.052096423118044,54.055207144214904,95649546.91005683,4492264709.7403755,53.15170281899842,51.25396821531426,49.78530106873981,1.298624524984704,1.23,4.18,1713
2025-09-24,54.06670956697386,54.19752916187292,53.91792125235199,54.08677855272267,37281901.5670269,4504811771.090243,53.54250357452952,51.50283141062643,49.90701551972982,0.058405859815757744,1.23,4.18,1713
2025-09-25,54.368527359662366,54.572817013671255,54.53028941277054,54.53417995004496,86644673.13865341,3594723497.177765,53.9014464717431,51.74322523384698,50.02266753036769,0.8271918004622236,1.23,4.18,1713
2025-09-26,53.924000032925385,54.1895620726789,53.80154871085157,54.09154143503981,76994409.36556822,1844091502.5319166,54.02598783859305,51.95100457182154,50.13312001765882,-0.8116717174634691,1.23,4.18,1713
2025-09-29,53.66444034816967,53.852687896433146,53.59019760189922,53.79052718625967,55159410.20156464,2091098828.6582692,54.111646853656396,52.1630558334481,50.24599753037962,-0.5564904249246272,1.23,4.18,1713
2025-09-30,54.30688420889765,54.41756809952412,54.3649164069282,54.3910785153956,78597665.15578239,4638694186.529834,54.17882112789255,52.37852060879785,50.364790731934434,1.1164629918134272,1.23,4.18,1713
2025-10-01,53.9091074975979,54.22090620480329,53.907928140459624,54.08109640190828,99875460.47915174,4756036532.369186,54.17768469772966,52.55821843825164,50.48732661999143,-0.5699135261669319,1.23,4.18,1713
2025-10-02,54.14096952116379,54.38614960867017,54.04312974768304,54.15380697065777,38540699.199209034,2756153968.8248277,54.10161010185222,52.70441097210954,50.613928812362126,0.13444729043421422,1.23,4.18,1713
2025-10-03,54.557296905359856,54.78489983547707,54.42564736789714,54.719928215207,61345905.059102826,4251912602.496534,54.227287457885666,52.87142618046725,50.744476890605135,1.0453951000268136,1.23,4.18,1713
2025-10-06,54.40552424219699,54.5886790594238,54.47943026895971,54.56674362091574,31684773.37919643,4204801039.4746118,54.38253074481688,53.05195447079596,50.8580475590209,-0.27994297377146315,1.23,4.18,1713
2025-10-07,54.81982473437148,54.89185382740789,54.64392781302988,54.88403346149019,46633854.84580442,4816306505.445229,54.481121734035796,53.24918580251792,50.975305221584016,0.5814710930502232,1.23,4.18,1713
2025-10-08,55.38681711097256,55.41769607540729,55.30129182387671,55.39735686817194,83755399.07321823,2766376797.8598194,54.74437382728853,53.46764108112983,51.10617186337553,0.9352873218436697,1.23,4.18,1713
2025-10-09,54.86348534848997,55.20649732759138,54.84134550353322,55.029310387555995,86101290.92439279,2071014033.6017373,54.91947451066817,53.674493961721986,51.22604269762769,-0.6643755251568795,1.23,4.18,1713
2025-10-10,55.33299953585361,55.43593571490003,55.29706413836767,55.43461995024748,46221158.52628009,4554787573.791585,55.06241285767627,53.88993725369075,51.36135823586525,0.7365339667842585,1.23,4.18,1713
2025-10-13,55.7946339817262,55.92336988031222,55.58415467125066,55.81409324393535,50867130.53641279,5219748841.121821,55.31188278228019,54.12654463710273,51.50147554495464,0.6845420678060821,1.23,4.18,1713
2025-10-14,56.114534001364504,56.33620688247233,56.144416263901114,56.295933119745264,81412337.35600564,1716759297.4293988,55.59426271393121,54.35147709871448,51.65700125346656,0.8632942825103962,1.23,4.18,1713
2025-10-15,56.400378053349336,56.4904569046058,56.414845624137946,56.43029358985096,63945086.81521985,4881628958.505631,55.80085005826702,54.56635303945368,51.811649182202956,0.2386681642169597,1.23,4.18,1713
2025-10-16,56.85630899498593,57.16016954350137,56.91584770553867,56.91927992928775,46866601.556394204,3874450548.152981,56.178843966613364,54.77534376271922,51.976882831103346,0.8665316239374166,1.23,4.18,1713
2025-10-17,56.84183636651768,57.0118870536301,56.83982294940632,56.89814656081937,56232842.259090856,4509547722.115074,56.471549288727736,54.94680936072069,52.13195002520678,-0.037128664478236484,1.23,4.18,1713
2025-10-20,57.10193387259187,57.36023877563726,57.09519242404409,57.25204812900383,45334640.96426314,5710205514.602086,56.759140265741436,55.141300161623725,52.29161212791537,0.6219913821027045,1.23,4.18,1713
2025-10-21,57.11839567654018,57.47666461337685,57.05667246676443,57.299883068732896,54481112.36456862,4766874502.604055,56.959930255538964,55.30353395784963,52.45588741912774,0.08355149080654378,1.23,4.18,1713
2025-10-22,57.537226874594474,57.781872667429596,57.52194148322658,57.553275952043606,37108262.25040435,3890203090.7956214,57.18452672797749,55.47685882781567,52.61163558612281,0.4422223392790414,1.23,4.18,1713
2025-10-23,57.24820274272778,57.46270988239654,57.15018367545474,57.282436845766355,42624781.67743423,2880033930.247999,57.25715811127321,55.61427167260174,52.769198511944516,-0.4705885143756694,1.23,4.18,1713
2025-10-24,56.95624646183358,57.23836055731581,56.7025969843673,56.968540061815546,78453903.15082246,3362272498.402732,57.27123681147244,55.75812160394052,52.922928669227524,-0.5479808493412786,1.23,4.18,1713
2025-10-27,57.06624395194226,57.2970641216152,57.12251709057831,57.14338808179729,99432985.34176362,5331450087.614268,57.24950480203114,55.92576464871742,53.08934293121237,0.3069203103889029,1.23,4.18,1713
2025-10-28,57.5025345686984,57.71783770357677,57.442119850351446,57.53741828416429,40068131.77338525,3780831825.4542727,57.29701184511741,56.08308163715584,53.258460487972044,0.6895464472687074,1.23,4.18,1713
2025-10-29,57.48150327793181,57.902133722021865,57.568457564659404,57.66491700327091,73718729.1485427,4933664764.947766,57.319340055362886,56.262272667223975,53.422541448572154,0.22159270073074389,1.23,4.18,1713
2025-10-30,57.36162151818162,57.71232485460368,57.54082200603726,57.55487140436298,47454593.51557365,2578359331.142564,57.373826967082195,56.43232588890923,53.58989194063991,-0.1908363084987874,1.23,4.18,1713
2025-10-31,57.032008132956186,57.43034618121597,57.02778307515124,57.16529506564152,98159915.88139124,3099784816.4330363,57.4131779678474,56.55459423143096,53.75294418910396,-0.676878132494485,1.23,4.18,1713
2025-11-03,56.6997436646483,56.97333576805124,56.67717017564961,56.811469956862815,51479109.4144875,3465684324.218221,57.346794342860505,56.66683054822831,53.910896921135,-0.6189509008436289,1.23,4.18,1713
2025-11-04,57.56718939757152,57.626542170504,57.37037609063387,57.58335694552808,46779240.4448681,3001991576.1979647,57.35598207513326,56.80179672243021,54.08830026129063,1.3586815994223844,1.23,4.18,1713
2025-11-05,57.77976625498734,58.17469604924919,57.86108063028718,57.90524902629926,81368135.24862343,3142998899.938929,57.40404847973893,56.927191330336576,54.26421494888702,0.5590019370973476,1.23,4.18,1713
2025-11-06,57.85336444762791,58.14059066021794,57.70075597882669,57.96871848681843,67377160.84238078,2659182676.5363975,57.48681789623002,57.07416173529971,54.429063248910715,0.10960916598483639,1.23,4.18,1713
2025-11-07,57.95601313097647,58.25026708205756,57.86832549264563,58.0420470448699,90302447.81801626,2455233997.6578345,57.66216829207569,57.20453309003083,54.59118509629714,0.12649677268292692,1.23,4.18,1713
2025-11-10,58.1092988872865,58.17955117572683,57.85224360762104,58.127664351871985,39694607.00466273,2579192565.718545,57.92540717107753,57.32021164542765,54.76274834426,0.14750910996625954,1.23,4.18,1713
2025-11-11,58.63625972659853,58.71990066120092,58.394391618806694,58.68141565590571,74196966.86727425,2814197041.6535525,58.14501891315306,57.439485772235685,54.93474099721011,0.9526467478232492,1.23,4.18,1713
2025-11-12,59.28018902105708,59.504703772956645,59.19390208926023,59.401785616325384,33413244.463316455,2274420312.061578,58.444326231158286,57.588060373559394,55.11303391327997,1.2275947203519433,1.23,4.18,1713
2025-11-13,59.16407892219552,59.33960956788622,59.059323480626894,59.22744811754675,62879511.892961614,4010364429.7177954,58.696072157303945,57.703468782972344,55.27298374976092,-0.2934886501639422,1.23,4.18,1713
2025-11-14,59.4061262508625,59.71710317744074,59.33293931896835,59.42070551464851,98113845.61852318,3099270087.4489994,58.971803851259665,57.829596730663795,55.43380537909283,0.32629701809574474,1.23,4.18,1713
2025-11-17,59.018446890156454,59.41082130316604,59.173348475776976,59.21671749444455,49790778.03533241,5304053489.512926,59.189614479774185,57.92783019893584,55.59901617269488,-0.3432945106208285,1.23,4.18,1713
2025-11-18,59.67096588417587,59.85570927544957,59.571698280439975,59.812739646591766,35614678.44630809,3297997377.259906,59.415879277911394,58.05347302782879,55.7764828290857,1.0065099474707129,1.23,4.18,1713
2025-11-19,59.6062181802805,59.7261493728662,59.51648243648285,59.703026055391284,46352182.02947657,2605390402.615372,59.47612736572457,58.16096053299617,55.949978324274845,-0.18342846665899692,1.23,4.18,1713
2025-11-20,59.60806189041077,59.93446316596222,59.52739823808259,59.743805400586425,71177655.74982953,3899327076.5319266,59.57939882233251,58.28402896073717,56.12700937677232,0.06830364872512096,1.23,4.18,1713
2025-11-21,60.12986168193138,60.60102981041318,60.11713634378594,60.30501149292554,32090105.91366674,5599577264.587355,59.75626001798791,58.45085253229267,56.31059452441339,0.9393544461659076,1.23,4.18,1713
2025-11-24,60.76897213134342,60.92200455015132,60.63117974192201,60.8426364571374,78890190.12109533,2415638024.435247,60.08144381052648,58.63581495105967,56.50580834204222,0.8915095958068608,1.23,4.18,1713
2025-11-25,60.28654286992849,60.56706590388636,60.17974447574294,60.36181903922214,71543780.24234465,5376997725.1657505,60.19125968905256,58.77703498881257,56.67709904507647,-0.7902639430393377,1.23,4.18,1713
2025-11-26,60.73811241146087,61.156843784309814,60.747040018288416,60.90067324763791,39514581.83639813,5876295125.078914,60.43078912750188,58.93882280103092,56.85245701452787,0.8927070406304916,1.23,4.18,1713
2025-11-27,60.43560865789137,60.7040254311775,60.43924011256487,60.62500291351316,44702545.18089689,3391976571.230755,60.60702863008722,59.09232937648843,57.010167763518595,-0.4526556430727857,1.23,4.18,1713
2025-11-28,60.225741141392604,60.408446079979434,60.19190606251997,60.38782020343496,89506532.92336608,3871296454.1166134,60.62359037218912,59.253455633378096,57.1485474755715,-0.3912291936984391,1.23,4.18,1713
2025-12-01,60.98039882818918,61.19380966024699,60.83018602197819,61.05797412881405,56349571.86285795,2047772836.031502,60.66665790652445,59.465780841975665,57.30246231592891,1.109750150148603,1.23,4.18,1713
2025-12-02,60.88181906713826,61.07884187098106,60.659095412084476,60.906774032373825,64797431.212737806,5470731891.403026,60.775648905154775,59.63195169631795,57.4394936536921,-0.24763366062758863,1.23,4.18,1713
2025-12-03,60.767499616454316,60.91262060581646,60.70607759877869,60.859132088702616,44667296.35788626,1997744369.382051,60.76734067336772,59.77964584943811,57.5749407244117,-0.07822109187047843,1.23,4.18,1713
2025-12-04,60.41552844845723,60.86140050888534,60.333225877286665,60.61013106715886,39903159.89918353,1985525621.562124,60.76436630409686,59.911716478455126,57.69645974675397,-0.40914323454503965,1.23,4.18,1713
2025-12-05,60.44986540458183,60.61379009508596,60.41455991409877,60.46730788509703,77472802.36309066,3698196253.556267,60.78026384042928,60.0329795204665,57.823975075755115,-0.23564242404223723,1.23,4.18,1713
2025-12-08,60.30075882721481,60.50350864774427,60.225216915324026,60.48988829472839,99625013.1791958,4568677293.165101,60.666646673612135,60.151090717609314,57.957962297924496,0.037343170088322,1.23,4.18,1713
2025-12-09,60.187876290890465,60.22316849185903,59.969005820575944,60.21009234429683,35519474.663303286,4301135750.59815,60.527310335996745,60.22752455202887,58.074342574502516,-0.4625499539167466,1.23,4.18,1713
2025-12-10,60.08771683496181,60.5295225494852,60.203856870646945,60.258254705346644,88996986.57996243,4269340654.8820734,60.40713485932555,60.270348006479935,58.19788574057128,0.0799905118471056,1.23,4.18,1713
2025-12-11,60.47849193534255,60.62515523657552,60.31256766973092,60.56339322954987,70074423.64157945,4848605561.957097,60.39778729180375,60.337145262080085,58.32607746574913,0.5063846035622932,1.23,4.18,1713
2025-12-12,60.90589046050363,61.228025433748265,60.97776397177223,61.00744940726456,99197020.11909743,4370473740.3646755,60.50581559623727,60.41648245671089,58.45182788959028,0.7332088808690296,1.23,4.18,1713
2025-12-15,61.448763265412886,61.52664740486914,61.39492631876453,61.45730549080046,59882138.090361536,3871203051.16725,60.699299035451666,60.52851185652869,58.58963912698797,0.7373789396321273,1.23,4.18,1713
2025-12-16,61.43389837470161,61.78461794394564,61.35622417440904,61.61614708364618,37855253.6936893,3546888403.393812,60.98050998332154,60.61868222838141,58.72428139943109,0.25845843968785864,1.23,4.18,1713
2025-12-17,60.993477817982345,61.203902175628805,61.08071983022232,61.12639875033321,83035912.30767974,3785176418.9599776,61.15413879231886,60.689850863128505,58.838862237074316,-0.7948376464502416,1.23,4.18,1713
2025-12-18,61.4623272987806,61.851147693113816,61.36170182378643,61.64172234938039,91547119.73026493,3958686821.6477914,61.36980461628495,60.7847467105682,58.971110476310805,0.8430459009240554,1.23,4.18,1713
2025-12-19,61.352200753891964,61.53962711109469,61.339842053639906,61.475187311945454,73693170.63864326,5041000814.762437,61.46335219722114,60.843255501519195,59.091921823544766,-0.27016610030949906,1.23,4.18,1713
2025-12-22,61.90886166756468,62.214231888132765,62.02572434727856,62.090552153587204,34340359.92615682,3544803637.3604317,61.59000152977849,60.90565128634169,59.2174510017378,1.000997099072154,1.23,4.18,1713
2025-12-23,61.93781709231408,62.15176015891527,61.70278581743561,61.98222135066022,72304690.98293674,5037551768.973286,61.66321638318129,60.98667140191359,59.331176766356094,-0.1744722814817634,1.23,4.18,1713
2025-12-24,62.47347683131065,62.76010154504279,62.407291900660354,62.62382570311485,37822718.581084155,4129985710.9015703,61.96270177373763,61.07282902468744,59.455047408621375,1.0351425593877916,1.23,4.18,1713
2025-12-25,62.17307524307637,62.26075900801244,62.03629097901091,62.17586665803278,85944795.13944867,5258159799.617184,62.069530635468105,61.15037221191342,59.56017914319627,-0.7153172774939431,1.23,4.18,1713
2025-12-26,62.49716578981617,62.93656594214714,62.53451616698462,62.641322469982484,61681401.19450938,3981294389.227868,62.302757667075504,61.26304732524079,59.675042661379536,0.7486116993104641,1.23,4.18,1713
2025-12-29,62.46014674090458,62.692869697632936,62.314369715027794,62.47985626626198,45238134.99200274,3516862304.452175,62.38061848961047,61.334141432113185,59.779598824124704,-0.25776308250495816,1.23,4.18,1713
2025-12-30,62.02913653622334,62.28531168789393,61.8215075944633,62.069813886079615,77166840.66199765,5811566644.49697,62.39813699669435,61.39229342479848,59.874997440471645,-0.656279326948106,1.23,4.18,1713
2025-12-31,62.07394702025787,62.42445622576847,62.12181188141008,62.24232793539947,50637202.2875729,2057658815.5003498,62.32183744315127,61.461453217133325,59.96877848013875,0.27793550281378643,1.23,4.18,1713
2026-01-01,62.38672812874262,62.713023042998046,62.33008656729787,62.51407434309872,92638759.69621882,4276939349.2874274,62.38947898016446,61.55665038093032,60.073411230085405,0.43659422247395163,1.23,4.18,1713
2026-01-02,62.16458009921322,62.52280887830745,61.985112550764484,62.22627145443805,68687029.66663358,5869150795.035657,62.30646877705557,61.644598559397366,60.178565857937855,-0.46038094890618053,1.23,4.18,1713
2026-01-05,62.286908804468254,62.39126587328525,62.191823502346104,62.35984771455064,41529319.59394288,4543934432.216219,62.282467066713295,61.738096530388475,60.28289505059293,0.21466216276575523,1.23,4.18,1713
2026-01-06,62.236229255248865,62.39313760584637,62.21935816533687,62.32845431047742,30601856.025461618,2055512662.1940901,62.33419515159286,61.84401462869751,60.37871577111919,-0.050342336012310085,1.23,4.18,1713
2026-01-07,62.99170883603558,63.11667427421013,63.04414993457141,63.10192600016561,71707962.72298868,3536896910.131922,62.50611476454609,61.98619819343846,60.48745595105708,1.2409608071384026,1.23,4.18,1713
2026-01-08,62.9837984344503,63.40056606597477,63.04560607041278,63.126745194130066,64830816.0683082,4052317160.355757,62.628648934752356,62.11436579166748,60.59889342685242,0.03933191193623564,1.23,4.18,1713
2026-01-09,62.6286908023387,62.920956009144525,62.60335023511933,62.75274513173157,72045613.02429146,2998832235.3167844,62.733943670211055,62.20163057789082,60.71064242817422,-0.5924589668742652,1.23,4.18,1713
2026-01-12,63.342506891310805,63.72674382461757,63.25686173395656,63.51500460631611,59802418.4502994,3729287247.3662415,62.964975048564156,62.304515533666596,60.84471312116329,1.2147029950393184,1.23,4.18,1713
2026-01-13,63.52743578020637,63.68910077509762,63.630659690091626,63.686091403072275,47443839.32614049,3803703569.2937675,63.23650246708313,62.408012749637905,60.96676781031417,0.26936437746736264,1.23,4.18,1713
2026-01-14,63.52891207597928,63.825016049292884,63.5184157040548,63.59351345102839,40081115.51227986,3848803541.966808,63.33481995725568,62.531368484672655,61.08053309880876,-0.14536604461711233,1.23,4.18,1713
2026-01-15,63.99315350607163,64.16244697656579,64.08710600404797,64.08862011550184,63677426.42882055,3394794421.0966206,63.527194941530034,62.65371337297874,61.20293113138242,0.778549002257467,1.23,4.18,1713
2026-01-16,64.34978163151004,64.59728698559964,64.43799076228596,64.44525207286345,82548557.68972623,3475013946.2700696,63.86569632975642,62.80221661102464,61.33099523194229,0.556466899613195,1.23,4.18,1713
2026-01-19,65.04671111984169,65.29841695069234,64.84040314166671,65.10010036299687,47338777.541245095,5354220677.840017,64.18271548109257,62.95269402149512,61.4704439521648,1.0161311641593507,1.23,4.18,1713
2026-01-20,64.60817655849824,64.82809401869999,64.36831384231905,64.63493194965143,38102653.61068727,4969606763.596481,64.3724835904084,63.08532955144468,61.58951427803971,-0.7145433121480083,1.23,4.18,1713
2026-01-21,64.90903449267306,64.93657402160407,64.72031927991291,64.92011606724267,47534164.43864576,5101125834.62917,64.63780411365126,63.200144069651074,61.69988088705805,0.44122289447661167,1.23,4.18,1713
2026-01-22,65.11240545856506,65.34164075622884,65.22238497109294,65.29085141073104,40761876.87761029,3445212232.485596,64.8782503726971,63.35589330728599,61.82114895292173,0.5710638950558344,1.23,4.18,1713
2026-01-23,65.01446650827639,65.36127011001604,64.88241049832533,65.13333171485465,52528278.883426785,2962363992.239886,65.01586630109533,63.480493769529595,61.935401476925854,-0.24125844964935084,1.23,4.18,1713
2026-01-26,65.43887300823869,65.6506355171314,65.30075039973242,65.59987894782375,87822296.97631928,2999746999.928749,65.11582201806071,63.636494903607684,62.06306470599345,0.7162956671886267,1.23,4.18,1713
2026-01-27,65.8547710419693,66.25444776937972,65.74666805727004,65.9865862631848,71811082.2583932,3296629056.103893,65.38615288076738,63.832333522462946,62.186541638325295,0.5894939465797222,1.23,4.18,1713
2026-01-28,66.54000094208256,66.69229578191766,66.6617003622755,66.6751424628761,49568815.26659807,3046331834.248053,65.73715815989408,64.05397424883677,62.32598396647501,1.0434790442788167,1.23,4.18,1713
2026-01-29,66.76148165272048,67.01983741235362,66.79230973369569,66.96051077366461,37403812.85566597,3665623797.5749307,66.07109003248078,64.27629607036508,62.47031807393656,0.4279980518187898,1.23,4.18,1713
2026-01-30,66.64865432750555,66.89179962093404,66.61080523076203,66.83328631902772,41744923.3353866,6550351938.539996,66.4110809533154,64.50664681359454,62.600883570458606,-0.18999922964584304,1.23,4.18,1713
2026-02-02,66.81337335461342,66.99090196163452,66.82572295155263,66.86445427897567,72134749.35624751,4161751103.022143,66.66399601954578,64.7318771418158,62.721319926895376,0.04663538434901415,1.23,4.18,1713
2026-02-03,66.23824094994816,66.62790875485177,66.19954651769605,66.41434140232793,56987997.188655995,5624344948.758475,66.7495470473744,64.93617149640833,62.84237037415749,-0.6731721383229305,1.23,4.18,1713
2026-02-04,66.11314641784261,66.47223841244873,66.01117170796846,66.28694409648904,32027829.33045272,4951210019.05617,66.67190737409699,65.0954224012245,62.95009579113451,-0.19182198174207965,1.23,4.18,1713
2026-02-05,66.08181686712844,66.33460557096953,66.03690431084466,66.19047482339084,79981417.44058879,4261777617.021701,66.51790018404225,65.24860888268753,63.06140522933207,-0.14553284121495702,1.23,4.18,1713
2026-02-06,66.43919215448173,66.69926211167652,66.48240039724365,66.49513109058623,81171529.17487013,2887028103.2661657,66.45026913835395,65.43572818063026,63.18355144707509,0.46027206785910213,1.23,4.18,1713
2026-02-09,66.52024835899708,66.85674039915038,66.45705119807589,66.58988168821519,90033364.2502548,3449245840.8815384,66.39535462020186,65.58947203472522,63.29418959826311,0.1424925345284045,1.23,4.18,1713
2026-02-10,67.24915983310918,67.494715722716,67.0556973198617,67.3304519933068,40857829.45422879,5718116999.909125,66.57857673839763,65.77169006423694,63.42266315748177,1.1121363881664292,1.23,4.18,1713
2026-02-11,67.08369093487512,67.36766552840596,67.19890341424434,67.23359436907427,96624287.16845453,4659144263.795542,66.76790679291466,65.95369411013925,63.55015240308921,-0.1438541126118631,1.23,4.18,1713
2026-02-12,67.86012027720554,68.13162531706448,67.9248077223783,67.95472517539973,58147513.74680857,2561979643.9410105,67.12075686331644,66.14699936313414,63.69704428525402,1.0725751212509405,1.23,4.18,1713
2026-02-13,68.1785986625471,68.20831558232547,68.11686484631277,68.20070467231926,58681964.31793022,4507386390.032923,67.46187157966304,66.33477199310693,63.85171222099847,0.36197555988142227,1.23,4.18,1713
2026-02-16,67.8459921409904,68.17555796436727,67.85334359243271,67.89956467703104,57533890.63129262,6631769109.469958,67.72380817742622,66.47474520880864,63.999905748644515,-0.44154968300561537,1.23,4.18,1713
2026-02-17,67.74933471049351,68.17802961599978,67.62101922352933,67.91178908000747,31087201.982565098,2801197392.7127266,67.84007559476635,66.63858806532645,64.15393968335873,0.01800365441895213,1.23,4.18,1713
2026-02-18,68.34018245896081,68.56034142058824,68.27124637635607,68.37109536451942,35813048.62206633,5465348668.543515,68.06757579385538,66.81113703019028,64.31619649654219,0.6763277639039167,1.23,4.18,1713
2026-02-19,68.66956131143814,68.88634261993742,68.65254895861806,68.84211639816687,46461349.202028334,2855863803.6100926,68.24505403840881,66.98870027956207,64.48177095991451,0.6889183669446908,1.23,4.18,1713
2026-02-20,68.46207986132326,68.6461686499289,68.31423030323937,68.4893069400817,48046618.14547838,6624362744.734459,68.3027744919613,67.15649904082342,64.63140811057087,-0.5124907201350282,1.23,4.18,1713
2026-02-23,69.01960555812819,69.1493426844413,69.00182496994523,69.08046316317684,67111955.45015407,2912165158.714133,68.53895418919046,67.33052825159108,64.7838712640184,0.8631365237967925,1.23,4.18,1713
2026-02-24,68.60250780562869,68.7919571287345,68.51880508053694,68.67189792385877,47546792.5908812,3495711963.300588,68.69097595796072,67.46479383462477,64.92498628082265,-0.5914338448382961,1.23,4.18,1713
2026-02-25,68.21533117473736,68.55994377147731,68.08119285582934,68.32098630370044,35851280.547695346,5532391895.84039,68.68095414579693,67.547086026666,65.06887803189,-0.510997410538161,1.23,4.18,1713
2026-02-26,67.93414736396215,68.32267577947033,67.90473879957588,68.10787196614955,50428363.97329957,2507138644.8406086,68.53410525939346,67.60445408629025,65.19820102422538,-0.31193100258177786,1.23,4.18,1713
2026-02-27,68.25676957160789,68.54622991970612,68.21023665978906,68.34105375564289,46362337.462438144,6021740679.738215,68.50445462250569,67.679842458121,65.33551835309933,0.34237127480540863,1.23,4.18,1713
2026-03-02,68.35984620477272,68.69656037775336,68.22293282357636,68.49564178354446,51267880.15638496,5694484022.778434,68.38749034657921,67.76140183334944,65.46362014569847,0.22620082572080147,1.23,4.18,1713
2026-03-03,68.79295048232967,68.86700415990684,68.5862307473772,68.8565856907547,48279085.509285346,6103971591.172519,68.4244278999584,67.88351404777077,65.60110743250037,0.5269589390094032,1.23,4.18,1713
2026-03-04,68.5283328152177,68.74341997541445,68.59566096049977,68.64372406751222,37618365.79436277,4710876725.757422,68.48897545272078,68.00135304632194,65.72150539978831,-0.3091376389158573,1.23,4.18,1713
2026-03-05,68.61088994177135,68.83096988069322,68.66059946305931,68.75647855856064,38756774.28032438,2848601705.5789194,68.61869677120299,68.12965323308043,65.85311763779887,0.16426045145441215,1.23,4.18,1713
2026-03-06,68.94496129212163,69.35193420622994,68.86613448838,69.06252230219914,58785839.749673694,6269596778.699765,68.76299048051423,68.25802279366107,65.9815416344432,0.4451125916488552,1.23,4.18,1713
2026-03-09,69.10708561077278,69.3269989680591,69.21166003912455,69.25679839007013,74955147.33193977,2416693816.830652,68.91522180181937,68.39136862875382,66.11708047691937,0.2813046517775364,1.23,4.18,1713
2026-03-10,69.38907913157277,69.59334185251933,69.30013922712415,69.3923927317033,61756739.92717722,3969836953.1328044,69.0223832100091,68.49446566567364,66.26353205383184,0.19578488290703522,1.23,4.18,1713
2026-03-11,69.8289962540573,70.23687276393849,69.6531558006377,69.94214023875607,89275392.13448444,6756026560.818684,69.28206644425785,68.62989295915773,66.41752829989896,0.7922302220912059,1.23,4.18,1713
2026-03-12,69.69367941812563,70.10312516128307,69.8253644458438,69.8276898267787,70937587.77989212,5522679935.923771,69.49630869790147,68.72354119172668,66.56380060957257,-0.16363584469488712,1.23,4.18,1713
2026-03-13,69.42864059658298,69.60479783209658,69.41583330145701,69.46807595805538,75860139.05167775,2767824903.564465,69.57741942907272,68.78690975601349,66.70863669964491,-0.5150018131996226,1.23,4.18,1713
